Timestamp,Relative_Pitch,Stability,Is_Alert,Focus_Score,Cognitive_Load,Load_Level,Guidance,Phase,Elapsed_Seconds,Cycle_Index
23:47:03,5.63,,False,87.6,,,,,,
23:47:03,10.92,,False,65.9,,,,,,
23:47:03,14.87,,False,36.8,,,,,,
23:47:03,18.71,,False,0,,,,,,
23:47:03,21.26,,False,0,,,,,,
23:47:03,23.56,,False,0,,,,,,
23:47:03,26.3,,False,0,,,,,,
23:47:04,28.11,,False,0,,,,,,
23:47:04,29.52,,False,0,,,,,,
23:47:04,30.46,,False,0,,,,,,
23:47:04,31.97,,False,0,,,,,,
23:47:04,32.67,,False,0,,,,,,
23:47:04,33.15,,False,0,,,,,,
23:47:04,33.53,,False,0,,,,,,
23:47:04,33.44,,True,0,,,,,,
23:47:04,33.0,,True,0,,,,,,
23:47:05,31.96,,True,0,,,,,,
23:47:05,30.72,,True,12.2,,,,,,
23:47:05,29.57,,True,29.7,,,,,,
23:47:05,27.57,,True,42.4,,,,,,
23:47:05,26.35,,True,48.3,,,,,,
23:47:05,24.94,,False,48.7,,,,,,
23:47:05,22.91,,False,45.1,,,,,,
23:47:05,20.15,,False,36.8,,,,,,
23:47:05,17.54,,False,23.3,,,,,,
23:47:06,16.18,,False,8.3,,,,,,
23:47:06,13.9,,False,0,,,,,,
23:47:06,12.25,,False,0,,,,,,
23:47:06,10.92,,False,0,,,,,,
23:47:06,8.88,,False,0,,,,,,
23:47:06,8.05,,False,0,,,,,,
23:47:06,7.5,,False,0,,,,,,
23:47:06,7.04,,False,0,,,,,,
23:47:06,6.56,,False,0,,,,,,
23:47:06,6.05,,False,0,,,,,,
23:47:07,6.59,,False,14.9,,,,,,
23:47:07,6.59,,False,33.2,,,,,,
23:47:07,7.38,,False,49.6,,,,,,
23:47:07,8.38,,False,61.6,,,,,,
23:47:07,10.32,,False,67.5,,,,,,
23:47:07,11.98,,False,70.7,,,,,,
23:47:07,13.52,,False,68.9,,,,,,
23:47:07,15.77,,False,60.8,,,,,,
23:47:07,17.49,,False,49.5,,,,,,
23:47:08,19.54,,False,34.0,,,,,,
23:47:08,21.26,,False,17.2,,,,,,
23:47:08,23.75,,False,0,,,,,,
23:47:08,25.74,,False,0,,,,,,
23:47:08,27.19,,False,0,,,,,,
23:47:08,29.36,,False,0,,,,,,
23:47:08,30.29,,False,0,,,,,,
23:47:08,31.87,,False,0,,,,,,
23:47:08,32.51,,False,0,,,,,,
23:47:09,33.48,,False,0,,,,,,
23:47:09,33.22,,False,0,,,,,,
23:47:09,33.08,,True,0,,,,,,
23:47:09,32.88,,True,0,,,,,,
23:47:09,32.34,,True,0,,,,,,
23:47:09,31.81,,True,12.1,,,,,,
23:47:09,30.35,,True,27.7,,,,,,
23:47:09,29.7,,True,39.3,,,,,,
23:47:09,27.7,,True,47.5,,,,,,
23:47:09,25.51,,True,50.5,,,,,,
23:47:10,24.07,,False,48.5,,,,,,
23:47:10,22.36,,False,42.7,,,,,,
23:47:10,20.28,,False,33.9,,,,,,
23:47:10,18.71,,False,23.4,,,,,,
23:47:10,16.28,,False,11.5,,,,,,
23:47:10,14.39,,False,0,,,,,,
23:47:10,12.08,,False,0,,,,,,
23:47:10,10.2,,False,0,,,,,,
23:47:10,8.78,,False,0,,,,,,
23:47:11,7.39,,False,0,,,,,,
23:47:11,6.33,,False,0,,,,,,
23:47:11,6.25,,False,0,,,,,,
23:47:11,5.9,,False,0,,,,,,
23:47:11,6.46,,False,0,,,,,,
23:47:11,6.68,,False,12.1,,,,,,
23:47:11,7.36,,False,28.3,,,,,,
23:47:11,7.73,,False,44.2,,,,,,
23:47:11,9.28,,False,56.1,,,,,,
23:47:11,10.67,,False,65.5,,,,,,
23:47:12,12.11,,False,69.2,,,,,,
23:47:12,13.38,,False,68.7,,,,,,
23:47:12,15.35,,False,61.4,,,,,,
23:47:12,17.05,,False,50.7,,,,,,
23:47:12,18.96,,False,36.6,,,,,,
23:47:12,21.67,,False,17.3,,,,,,
23:47:12,23.54,,False,0,,,,,,
23:47:12,26.08,,False,0,,,,,,
23:47:12,28.07,,False,0,,,,,,
23:47:13,29.29,,False,0,,,,,,
23:47:13,30.98,,False,0,,,,,,
23:47:13,31.73,,False,0,,,,,,
23:47:13,32.93,,False,0,,,,,,
23:47:13,34.05,,False,0,,,,,,
23:47:13,34.19,,False,0,,,,,,
23:47:13,34.51,,True,0,,,,,,
23:47:13,34.29,,True,0,,,,,,
23:47:13,32.99,,True,0,,,,,,
23:47:13,31.56,,True,6.3,,,,,,
23:47:14,31.04,,True,23.4,,,,,,
23:47:14,29.04,,True,36.9,,,,,,
23:47:14,27.53,,True,45.1,,,,,,
23:47:14,26.33,,True,47.2,,,,,,
23:47:14,24.21,,False,45.3,,,,,,
23:47:14,22.04,,False,38.8,,,,,,
23:47:14,19.89,,False,28.1,,,,,,
23:47:14,17.89,,False,14.6,,,,,,
23:47:14,15.7,,False,0,,,,,,
23:47:15,13.66,,False,0,,,,,,
23:47:15,11.8,,False,0,,,,,,
23:47:15,10.71,,False,0,,,,,,
23:47:15,9.6,,False,0,,,,,,
23:47:15,8.46,,False,0,,,,,,
23:47:15,7.97,,False,0,,,,,,
23:47:15,7.37,,False,0,,,,,,
23:47:15,6.72,,False,0,,,,,,
23:47:15,7.04,,False,6.6,,,,,,
23:47:15,7.2,,False,23.9,,,,,,
23:47:16,8.16,,False,39.8,,,,,,
23:47:16,9.05,,False,53.5,,,,,,
23:47:16,9.5,,False,64.8,,,,,,
23:47:16,11.43,,False,70.2,,,,,,
23:47:16,13.32,,False,70.5,,,,,,
23:47:16,14.32,,False,68.2,,,,,,
23:47:16,16.68,,False,58.7,,,,,,
23:47:16,18.18,,False,47.8,,,,,,
23:47:16,20.45,,False,31.9,,,,,,
23:47:16,22.17,,False,15.4,,,,,,
00:01:13,6.43,,False,85.2,,,,,,
00:01:13,10.8,,False,65.4,,,,,,
00:01:14,15.37,,False,33.8,,,,,,
00:01:14,18.18,,False,0,,,,,,
00:01:14,21.27,,False,0,,,,,,
00:01:14,23.72,,False,0,,,,,,
00:01:14,25.74,,False,0,,,,,,
00:01:14,28.51,,False,0,,,,,,
00:01:14,29.72,,False,0,,,,,,
00:01:14,30.85,,False,0,,,,,,
00:01:14,31.55,,False,0,,,,,,
00:01:14,32.94,,False,0,,,,,,
00:01:15,33.89,,False,0,,,,,,
00:01:15,33.31,,False,0,,,,,,
00:01:15,32.89,,False,0,,,,,,
00:01:15,32.46,,True,0,,,,,,
00:01:15,31.53,,True,0,,,,,,
00:01:15,30.67,,True,11.3,,,,,,
00:01:15,29.29,,True,30.5,,,,,,
00:01:15,28.02,,True,42.3,,,,,,
00:01:15,26.38,,False,48.6,,,,,,
00:01:16,24.7,,False,49.6,,,,,,
00:01:16,22.46,,False,45.3,,,,,,
00:01:16,20.3,,False,36.7,,,,,,
00:01:16,18.67,,False,25.4,,,,,,
00:01:16,16.43,,False,12.2,,,,,,
00:01:16,14.54,,False,0,,,,,,
00:01:16,12.79,,False,0,,,,,,
00:01:16,10.58,,False,0,,,,,,
00:01:16,9.45,,False,0,,,,,,
00:01:17,7.71,,False,0,,,,,,
00:01:17,7.04,,False,0,,,,,,
00:01:17,6.21,,False,0,,,,,,
00:01:17,5.66,,False,0,,,,,,
00:01:17,5.58,,False,0,,,,,,
00:01:17,5.81,,False,9.7,,,,,,
00:01:17,6.92,,False,26.4,,,,,,
00:01:17,8.3,,False,41.4,,,,,,
00:01:17,9.36,,False,53.8,,,,,,
00:01:17,10.16,,False,64.0,,,,,,
00:01:18,11.51,,False,68.6,,,,,,
00:01:18,13.91,,False,65.9,,,,,,
00:01:18,16.29,,False,57.0,,,,,,
00:01:18,17.93,,False,44.7,,,,,,
00:01:18,19.83,,False,28.5,,,,,,
00:01:18,22.28,,False,7.8,,,,,,
00:01:18,24.03,,False,0,,,,,,
00:01:18,25.41,,False,0,,,,,,
00:01:18,26.96,,False,0,,,,,,
00:01:19,29.34,,False,0,,,,,,
00:01:19,31.01,,False,0,,,,,,
00:01:19,31.83,,False,0,,,,,,
00:01:19,32.27,,False,0,,,,,,
00:01:19,32.98,,False,0,,,,,,
00:01:19,33.93,,False,0,,,,,,
00:01:19,34.08,,False,0,,,,,,
00:01:19,33.49,,False,0,,,,,,
00:01:19,32.66,,True,0,,,,,,
00:01:19,32.11,,True,11.9,,,,,,
00:01:20,30.36,,True,27.8,,,,,,
00:01:20,28.6,,True,38.8,,,,,,
00:01:20,27.72,,False,44.9,,,,,,
00:01:20,26.56,,False,48.2,,,,,,
00:01:20,24.68,,False,47.9,,,,,,
00:01:20,22.09,,False,42.5,,,,,,
00:01:20,19.47,,False,32.0,,,,,,
00:01:20,17.3,,False,18.0,,,,,,
00:01:20,16.0,,False,3.1,,,,,,
00:01:21,14.39,,False,0,,,,,,
00:01:21,11.93,,False,0,,,,,,
00:01:21,9.91,,False,0,,,,,,
00:01:21,8.41,,False,0,,,,,,
00:01:21,6.95,,False,0,,,,,,
00:01:21,6.87,,False,0,,,,,,
00:01:21,6.82,,False,0,,,,,,
00:01:21,6.85,,False,0,,,,,,
00:01:21,7.19,,False,0,,,,,,
00:01:22,6.92,,False,18.0,,,,,,
00:01:22,6.92,,False,37.0,,,,,,
00:01:22,8.13,,False,51.4,,,,,,
00:01:22,9.17,,False,61.9,,,,,,
00:01:22,11.02,,False,67.2,,,,,,
00:01:22,12.74,,False,69.2,,,,,,
00:01:22,14.05,,False,67.7,,,,,,
00:01:22,15.58,,False,60.8,,,,,,
00:01:22,17.37,,False,49.8,,,,,,
00:01:22,19.32,,False,35.7,,,,,,
00:01:23,21.12,,False,21.0,,,,,,
00:01:23,23.37,,False,3.4,,,,,,
00:01:23,24.99,,False,0,,,,,,
00:01:23,26.9,,False,0,,,,,,
00:01:23,29.05,,False,0,,,,,,
00:01:23,30.98,,False,0,,,,,,
00:01:23,31.53,,False,0,,,,,,
00:01:23,32.8,,False,0,,,,,,
00:01:23,33.41,,False,0,,,,,,
00:01:24,34.31,,False,0,,,,,,
00:01:24,34.72,,False,0,,,,,,
00:01:24,34.49,,False,0,,,,,,
00:01:24,33.32,,True,0,,,,,,
00:01:24,31.74,,True,3.6,,,,,,
00:01:24,30.35,,True,20.4,,,,,,
00:01:24,28.64,,True,34.1,,,,,,
00:01:24,27.59,,False,41.7,,,,,,
00:01:24,26.08,,False,45.6,,,,,,
00:01:24,23.97,,False,44.4,,,,,,
00:01:25,21.85,,False,37.7,,,,,,
00:01:25,19.72,,False,26.9,,,,,,
00:01:25,17.54,,False,12.9,,,,,,
00:01:25,15.14,,False,0,,,,,,
00:01:25,13.08,,False,0,,,,,,
00:01:25,11.53,,False,0,,,,,,
00:01:25,9.64,,False,0,,,,,,
00:01:25,8.6,,False,0,,,,,,
00:01:25,7.01,,False,0,,,,,,
00:01:26,6.37,,False,0,,,,,,
00:01:26,5.91,,False,0,,,,,,
00:01:26,5.86,,False,0,,,,,,
00:01:26,5.57,,False,0,,,,,,
00:01:26,6.3,,False,15.4,,,,,,
00:01:26,6.77,,False,33.3,,,,,,
00:01:26,8.01,,False,48.7,,,,,,
00:01:26,9.38,,False,60.7,,,,,,
00:01:26,11.13,,False,67.3,,,,,,
00:01:27,12.74,,False,68.3,,,,,,
00:01:27,13.95,,False,65.4,,,,,,
00:01:27,16.47,,False,54.7,,,,,,
00:01:27,17.88,,False,42.5,,,,,,
00:01:27,19.87,,False,26.3,,,,,,
00:01:27,21.84,,False,8.6,,,,,,
00:01:27,24.31,,False,0,,,,,,
00:01:27,26.11,,False,0,,,,,,
00:01:27,28.54,,False,0,,,,,,
00:01:27,29.81,,False,0,,,,,,
00:01:28,31.45,,False,0,,,,,,
00:01:28,32.3,,False,0,,,,,,
00:01:28,32.85,,False,0,,,,,,
00:01:28,33.25,,False,0,,,,,,
00:01:28,33.37,,False,0,,,,,,
00:01:28,33.02,,False,0,,,,,,
00:01:28,33.06,,True,0,,,,,,
00:01:28,32.91,,True,0,,,,,,
00:01:28,31.55,,True,14.9,,,,,,
00:01:29,30.39,,True,30.2,,,,,,
00:01:29,29.23,,True,41.9,,,,,,
00:01:29,27.11,,False,48.9,,,,,,
00:01:29,24.99,,False,50.5,,,,,,
00:01:29,23.75,,False,46.4,,,,,,
00:01:29,22.28,,False,40.0,,,,,,
00:01:29,20.14,,False,31.4,,,,,,
00:01:29,17.79,,False,20.1,,,,,,
00:01:29,15.59,,False,6.9,,,,,,
00:01:29,13.7,,False,0,,,,,,
00:01:30,11.99,,False,0,,,,,,
00:01:30,10.29,,False,0,,,,,,
00:01:30,9.33,,False,0,,,,,,
00:01:30,8.58,,False,0,,,,,,
00:01:30,8.1,,False,0,,,,,,
00:01:30,6.71,,False,0,,,,,,
00:01:30,6.37,,False,0,,,,,,
00:01:30,6.36,,False,8.9,,,,,,
00:01:30,6.59,,False,21.7,,,,,,
00:01:30,7.4,,False,36.2,,,,,,
00:01:31,7.79,,False,51.5,,,,,,
00:01:31,9.5,,False,62.3,,,,,,
00:01:31,10.7,,False,69.5,,,,,,
00:01:31,12.26,,False,71.4,,,,,,
00:01:31,14.77,,False,66.2,,,,,,
00:01:31,16.28,,False,58.3,,,,,,
00:01:31,17.78,,False,47.3,,,,,,
00:01:31,20.07,,False,31.2,,,,,,
00:01:31,22.11,,False,12.6,,,,,,
00:01:32,24.69,,False,0,,,,,,
00:01:32,25.99,,False,0,,,,,,
00:01:32,28.03,,False,0,,,,,,
00:01:32,30.08,,False,0,,,,,,
00:01:32,31.53,,False,0,,,,,,
00:01:32,32.83,,False,0,,,,,,
00:01:32,33.07,,False,0,,,,,,
00:01:32,34.18,,False,0,,,,,,
00:01:32,33.66,,False,0,,,,,,
00:01:32,33.33,,False,0,,,,,,
00:01:33,32.95,,True,0,,,,,,
00:01:33,32.39,,True,0,,,,,,
00:01:33,31.34,,True,14.9,,,,,,
00:01:33,29.84,,True,30.5,,,,,,
00:01:33,28.43,,True,41.6,,,,,,
00:01:33,27.24,,False,46.7,,,,,,
00:01:33,25.34,,False,48.6,,,,,,
00:01:33,22.89,,False,45.0,,,,,,
00:01:33,20.78,,False,36.1,,,,,,
00:01:34,19.09,,False,24.5,,,,,,
00:01:34,16.57,,False,11.3,,,,,,
00:01:34,15.06,,False,0,,,,,,
00:01:32,13.09,,False,0,,,,,,
00:01:32,11.78,,False,0,,,,,,
00:01:32,10.37,,False,0,,,,,,
00:01:32,8.64,,False,0,,,,,,
00:01:32,8.04,,False,0,,,,,,
00:01:33,7.55,,False,0,,,,,,
00:01:33,6.33,,False,0,,,,,,
00:01:33,6.3,,False,0,,,,,,
00:01:33,6.81,,False,13.3,,,,,,
00:01:33,7.6,,False,30.2,,,,,,
00:01:33,8.0,,False,45.0,,,,,,
00:01:33,8.82,,False,57.0,,,,,,
00:01:33,10.42,,False,65.6,,,,,,
00:01:33,11.55,,False,70.0,,,,,,
00:01:33,13.56,,False,69.0,,,,,,
00:01:34,14.81,,False,65.0,,,,,,
00:01:34,16.33,,False,57.2,,,,,,
00:01:34,18.46,,False,44.4,,,,,,
00:01:34,21.16,,False,26.1,,,,,,
00:01:34,23.11,,False,7.0,,,,,,
00:01:34,24.8,,False,0,,,,,,
00:01:34,26.5,,False,0,,,,,,
00:01:34,27.85,,False,0,,,,,,
00:01:34,30.07,,False,0,,,,,,
00:01:35,31.69,,False,0,,,,,,
00:01:35,32.7,,False,0,,,,,,
00:01:35,33.12,,False,0,,,,,,
00:01:35,33.07,,False,0,,,,,,
00:01:35,33.15,,False,0,,,,,,
00:01:35,33.01,,False,0,,,,,,
00:01:35,0.21,,False,0,,,,,,
00:01:35,0.75,,False,0,,,,,,
00:01:35,2.07,,False,0,,,,,,
00:01:35,3.23,,False,0,,,,,,
00:01:36,4.88,,False,0,,,,,,
00:01:36,6.2,,False,0,,,,,,
00:01:36,8.5,,False,0,,,,,,
00:01:36,9.78,,False,0,,,,,,
00:01:36,12.04,,False,0,,,,,,
00:01:36,14.09,,False,0,,,,,,
00:01:36,15.76,,False,0,,,,,,
00:01:36,17.41,,False,0,,,,,,
00:01:36,19.93,,False,0,,,,,,
00:01:36,22.21,,False,0,,,,,,
00:01:37,23.36,,False,0,,,,,,
00:01:37,24.48,,False,0,,,,,,
00:01:37,25.78,,False,0,,,,,,
00:01:37,26.12,,False,0,,,,,,
00:01:37,26.13,,False,0,,,,,,
00:01:37,26.55,,False,0,,,,,,
00:01:37,26.61,,False,0,,,,,,
00:01:37,26.17,,False,0,,,,,,
00:01:37,24.95,,False,15.9,,,,,,
00:01:38,23.82,,False,31.9,,,,,,
00:01:38,23.19,,False,43.9,,,,,,
00:01:38,21.93,,False,53.8,,,,,,
00:01:38,19.62,,False,60.5,,,,,,
00:01:38,18.04,,False,60.3,,,,,,
00:01:38,15.69,,False,55.6,,,,,,
00:01:38,13.25,,False,46.1,,,,,,
00:01:38,11.03,,False,32.9,,,,,,
00:01:38,9.79,,False,19.4,,,,,,
00:01:38,7.59,,False,6.0,,,,,,
00:01:39,6.42,,False,0,,,,,,
00:01:39,4.69,,False,0,,,,,,
00:01:39,2.71,,False,0,,,,,,
00:01:39,1.55,,False,0,,,,,,
00:01:39,0.03,,False,0,,,,,,
00:01:39,0.15,,False,0,,,,,,
00:01:39,1.01,,False,0,,,,,,
00:01:39,1.6,,False,13.6,,,,,,
00:01:39,1.73,,False,31.2,,,,,,
00:01:40,0.57,,False,49.4,,,,,,
00:01:40,0.33,,False,63.4,,,,,,
00:01:40,1.61,,False,72.8,,,,,,
00:01:40,3.35,,False,78.6,,,,,,
00:01:40,4.8,,False,82.5,,,,,,
00:01:40,6.81,,False,80.4,,,,,,
00:01:40,9.0,,False,73.6,,,,,,
00:01:40,10.37,,False,64.5,,,,,,
00:01:40,12.19,,False,51.4,,,,,,
00:01:40,14.7,,False,33.6,,,,,,
00:01:41,16.66,,False,16.2,,,,,,
00:01:41,17.91,,False,1.2,,,,,,
00:01:41,19.62,,False,0,,,,,,
00:01:41,21.32,,False,0,,,,,,
00:01:41,22.71,,False,0,,,,,,
00:01:41,24.66,,False,0,,,,,,
00:01:41,25.34,,False,0,,,,,,
00:01:41,26.1,,False,0,,,,,,
00:01:41,26.55,,False,0,,,,,,
00:01:42,26.99,,False,0,,,,,,
00:01:42,26.7,,False,0,,,,,,
00:01:42,25.84,,False,2.1,,,,,,
00:01:42,25.24,,False,18.3,,,,,,
00:01:42,24.06,,False,34.1,,,,,,
00:01:42,23.07,,False,45.3,,,,,,
00:01:42,21.98,,False,53.1,,,,,,
00:01:42,19.54,,False,59.1,,,,,,
00:01:42,18.13,,False,59.2,,,,,,
00:01:42,16.21,,False,55.3,,,,,,
00:01:43,14.6,,False,47.8,,,,,,
00:01:43,11.98,,False,37.3,,,,,,
00:01:43,9.7,,False,23.5,,,,,,
00:01:43,8.0,,False,9.4,,,,,,
00:01:43,5.82,,False,0,,,,,,
00:01:43,4.73,,False,0,,,,,,
00:01:43,2.7,,False,0,,,,,,
00:01:43,1.99,,False,0,,,,,,
00:01:43,0.92,,False,0,,,,,,
00:01:44,0.49,,False,0,,,,,,
00:01:44,0.4,,False,0,,,,,,
00:01:44,0.95,,False,10.8,,,,,,
00:01:44,1.29,,False,26.3,,,,,,
00:01:44,1.16,,False,43.1,,,,,,
00:01:44,0.51,,False,58.7,,,,,,
00:01:44,1.99,,False,71.2,,,,,,
00:01:44,3.0,,False,79.9,,,,,,
00:01:44,4.55,,False,83.6,,,,,,
00:01:44,6.22,,False,83.3,,,,,,
00:01:45,7.82,,False,78.6,,,,,,
00:01:45,10.12,,False,68.4,,,,,,
00:01:45,12.42,,False,53.8,,,,,,
00:01:45,13.97,,False,38.8,,,,,,
00:01:45,16.7,,False,18.3,,,,,,
00:01:45,18.99,,False,0,,,,,,
00:01:45,20.62,,False,0,,,,,,
00:01:45,21.6,,False,0,,,,,,
00:01:45,22.64,,False,0,,,,,,
00:01:46,23.75,,False,0,,,,,,
00:01:46,24.87,,False,0,,,,,,
00:01:46,26.29,,False,0,,,,,,
00:01:46,26.83,,False,0,,,,,,
00:01:46,27.43,,False,0,,,,,,
00:01:46,27.41,,False,0,,,,,,
00:01:46,26.4,,False,0,,,,,,
00:01:46,25.64,,False,16.4,,,,,,
00:01:46,24.98,,False,31.1,,,,,,
00:01:46,23.89,,False,45.0,,,,,,
00:01:47,21.56,,False,54.8,,,,,,
00:01:47,19.64,,False,58.5,,,,,,
00:01:47,17.2,,False,57.4,,,,,,
00:01:47,15.24,,False,51.2,,,,,,
00:01:47,13.7,,False,41.3,,,,,,
00:01:47,11.15,,False,28.0,,,,,,
00:01:47,9.21,,False,11.7,,,,,,
00:01:47,7.25,,False,0,,,,,,
00:01:47,5.86,,False,0,,,,,,
00:01:48,4.27,,False,0,,,,,,
00:01:48,2.63,,False,0,,,,,,
00:01:48,1.52,,False,0,,,,,,
00:01:48,0.11,,False,0,,,,,,
00:01:48,0.02,,False,0,,,,,,
00:01:48,0.99,,False,0,,,,,,
00:01:48,1.55,,False,15.5,,,,,,
00:01:48,1.43,,False,34.0,,,,,,
00:01:48,0.1,,False,50.0,,,,,,
00:01:49,0.28,,False,62.8,,,,,,
00:01:49,1.13,,False,74.3,,,,,,
00:01:49,2.64,,False,81.2,,,,,,
00:01:49,4.84,,False,83.2,,,,,,
00:01:49,6.3,,False,82.1,,,,,,
00:01:49,8.61,,False,75.1,,,,,,
00:01:49,10.43,,False,64.6,,,,,,
00:01:49,12.6,,False,49.5,,,,,,
00:01:49,14.5,,False,32.6,,,,,,
00:01:49,16.5,,False,14.8,,,,,,
00:01:50,18.38,,False,0,,,,,,
00:01:50,20.4,,False,0,,,,,,
00:01:50,22.13,,False,0,,,,,,
00:01:50,23.05,,False,0,,,,,,
00:01:50,23.94,,False,0,,,,,,
00:01:50,24.84,,False,0,,,,,,
00:01:50,25.67,,False,0,,,,,,
00:01:50,26.59,,False,0,,,,,,
00:01:50,26.2,,False,0,,,,,,
00:01:51,25.92,,False,0,,,,,,
00:01:51,25.39,,False,8.0,,,,,,
00:01:51,24.82,,False,24.0,,,,,,
00:01:51,24.38,,False,37.2,,,,,,
00:01:51,22.51,,False,49.8,,,,,,
00:01:51,21.14,,False,57.7,,,,,,
00:01:51,19.94,,False,61.4,,,,,,
00:01:51,17.27,,False,61.4,,,,,,
00:01:51,15.04,,False,55.7,,,,,,
00:01:52,13.23,,False,46.2,,,,,,
00:01:52,11.29,,False,34.2,,,,,,
00:01:52,8.8,,False,19.7,,,,,,
00:01:52,7.01,,False,4.6,,,,,,
00:01:52,5.14,,False,0,,,,,,
00:01:52,4.07,,False,0,,,,,,
00:01:52,2.98,,False,0,,,,,,
00:01:52,1.6,,False,0,,,,,,
00:01:52,0.22,,False,0,,,,,,
00:01:52,0.39,,False,0,,,,,,
00:01:53,0.9,,False,0,,,,,,
00:01:53,1.02,,False,16.2,,,,,,
00:01:53,0.16,,False,35.7,,,,,,
00:01:53,0.06,,False,51.0,,,,,,
00:01:53,0.42,,False,63.8,,,,,,
00:01:53,1.95,,False,74.0,,,,,,
00:01:53,2.84,,False,82.3,,,,,,
00:01:53,4.41,,False,84.9,,,,,,
00:01:53,6.62,,False,82.0,,,,,,
00:01:54,8.84,,False,74.1,,,,,,
00:01:54,11.39,,False,60.4,,,,,,
00:01:54,13.69,,False,42.5,,,,,,
00:01:54,15.0,,False,25.5,,,,,,
00:01:54,16.71,,False,8.0,,,,,,
00:01:54,18.39,,False,0,,,,,,
00:01:54,19.8,,False,0,,,,,,
00:01:54,21.11,,False,0,,,,,,
00:01:54,22.45,,False,0,,,,,,
00:01:54,23.94,,False,0,,,,,,
00:01:55,25.48,,False,0,,,,,,
00:01:55,25.7,,False,0,,,,,,
00:01:55,26.68,,False,0,,,,,,
00:01:55,26.17,,False,0,,,,,,
00:01:55,26.37,,False,0,,,,,,
00:01:55,25.36,,False,13.0,,,,,,
00:01:55,24.3,,False,27.7,,,,,,
00:01:55,23.44,,False,38.9,,,,,,
00:01:55,22.07,,False,49.3,,,,,,
00:01:56,21.03,,False,56.0,,,,,,
00:01:56,18.98,,False,59.9,,,,,,
00:01:56,17.27,,False,59.1,,,,,,
00:01:56,15.42,,False,54.5,,,,,,
00:01:56,12.9,,False,45.6,,,,,,
00:01:56,10.34,,False,32.2,,,,,,
00:01:56,9.02,,False,18.2,,,,,,
00:01:56,6.77,,False,4.1,,,,,,
00:01:56,4.53,,False,0,,,,,,
00:01:56,3.56,,False,0,,,,,,
00:01:57,2.12,,False,0,,,,,,
00:01:57,0.68,,False,0,,,,,,
00:01:57,0.62,,False,0,,,,,,
00:01:57,0.45,,False,0,,,,,,
00:01:57,0.19,,False,0,,,,,,
00:01:57,0.12,,False,16.0,,,,,,
00:01:57,0.47,,False,32.6,,,,,,
00:01:57,0.19,,False,49.7,,,,,,
00:01:57,1.52,,False,64.2,,,,,,
00:01:58,2.76,,False,74.8,,,,,,
00:01:58,3.81,,False,80.9,,,,,,
00:01:58,5.54,,False,82.9,,,,,,
00:01:58,7.54,,False,78.9,,,,,,
00:01:58,9.87,,False,68.6,,,,,,
00:01:58,11.92,,False,54.8,,,,,,
00:01:58,14.06,,False,37.2,,,,,,
00:01:58,15.48,,False,20.9,,,,,,
00:01:58,16.99,,False,4.3,,,,,,
00:01:58,19.51,,False,0,,,,,,
00:01:59,21.38,,False,0,,,,,,
00:01:59,23.06,,False,0,,,,,,
00:01:59,23.76,,False,0,,,,,,
00:01:59,25.01,,False,0,,,,,,
00:01:59,25.55,,False,0,,,,,,
00:01:59,26.53,,False,0,,,,,,
00:01:59,26.93,,False,0,,,,,,
00:01:59,26.32,,False,0,,,,,,
00:01:59,25.81,,False,0,,,,,,
00:02:00,25.45,,False,14.6,,,,,,
00:02:00,24.96,,False,28.7,,,,,,
00:02:00,24.1,,False,40.6,,,,,,
00:02:00,22.23,,False,52.0,,,,,,
00:02:00,20.73,,False,59.3,,,,,,
00:02:00,18.97,,False,61.3,,,,,,
00:02:00,17.16,,False,58.8,,,,,,
00:02:00,15.33,,False,52.6,,,,,,
00:02:00,13.08,,False,43.2,,,,,,
00:02:00,10.71,,False,30.7,,,,,,
00:02:01,8.51,,False,15.9,,,,,,
00:02:01,6.21,,False,0.9,,,,,,
00:02:01,4.4,,False,0,,,,,,
00:02:01,2.71,,False,0,,,,,,
00:02:01,1.03,,False,0,,,,,,
00:02:01,0.79,,False,0,,,,,,
00:02:01,0.1,,False,0,,,,,,
00:02:01,0.06,,False,0,,,,,,
00:02:01,0.49,,False,0,,,,,,
00:02:02,0.13,,False,12.8,,,,,,
00:02:02,0.29,,False,30.5,,,,,,
00:02:02,0.52,,False,47.9,,,,,,
00:02:02,1.39,,False,63.5,,,,,,
00:02:02,2.91,,False,74.7,,,,,,
00:02:02,4.4,,False,81.0,,,,,,
00:02:02,6.37,,False,81.0,,,,,,
00:02:02,7.82,,False,76.8,,,,,,
00:02:02,10.14,,False,65.9,,,,,,
00:02:02,12.36,,False,50.7,,,,,,
00:02:03,14.04,,False,34.8,,,,,,
00:02:03,15.46,,False,18.9,,,,,,
00:02:03,17.58,,False,1.0,,,,,,
00:02:03,19.16,,False,0,,,,,,
00:02:03,21.35,,False,0,,,,,,
00:02:03,22.54,,False,0,,,,,,
00:02:03,24.15,,False,0,,,,,,
00:02:03,25.83,,False,0,,,,,,
00:02:03,26.57,,False,0,,,,,,
00:02:04,26.99,,False,0,,,,,,
00:02:04,27.41,,False,0,,,,,,
00:02:04,27.76,,False,0,,,,,,
00:02:04,27.03,,False,0,,,,,,
00:02:04,26.62,,False,6.8,,,,,,
00:02:04,25.0,,False,22.9,,,,,,
00:02:04,23.59,,False,36.9,,,,,,
00:02:04,22.64,,False,47.9,,,,,,
00:02:04,21.42,,False,54.7,,,,,,
00:02:04,19.59,,False,58.0,,,,,,
00:02:05,17.75,,False,56.1,,,,,,
00:02:05,15.47,,False,49.9,,,,,,
00:02:05,13.31,,False,39.4,,,,,,
00:02:05,11.08,,False,26.3,,,,,,
00:02:05,8.58,,False,11.0,,,,,,
00:02:05,6.72,,False,0,,,,,,
00:02:05,5.49,,False,0,,,,,,
00:02:05,3.46,,False,0,,,,,,
00:02:05,2.33,,False,0,,,,,,
00:02:06,0.98,,False,0,,,,,,
00:02:06,0.49,,False,0,,,,,,
00:02:06,0.38,,False,0,,,,,,
00:02:06,0.73,,False,0,,,,,,
00:02:06,0.8,,False,13.3,,,,,,
00:02:06,0.23,,False,31.7,,,,,,
00:02:06,0.01,,False,49.2,,,,,,
00:02:06,0.6,,False,63.6,,,,,,
00:02:06,1.49,,False,75.3,,,,,,
00:02:06,2.84,,False,82.8,,,,,,
00:02:07,5.25,,False,83.3,,,,,,
00:02:07,7.16,,False,79.9,,,,,,
00:02:07,9.18,,False,71.9,,,,,,
00:02:07,11.61,,False,57.7,,,,,,
00:02:07,13.2,,False,42.3,,,,,,
00:02:07,15.56,,False,22.8,,,,,,
00:02:07,17.43,,False,3.0,,,,,,
00:02:07,19.13,,False,0,,,,,,
00:02:07,20.81,,False,0,,,,,,
00:02:07,22.13,,False,0,,,,,,
00:02:08,23.73,,False,0,,,,,,
00:02:08,25.04,,False,0,,,,,,
00:02:08,25.34,,False,0,,,,,,
00:02:08,26.05,,False,0,,,,,,
00:02:08,26.6,,False,0,,,,,,
00:02:08,26.25,,False,0,,,,,,
00:02:08,26.06,,False,0,,,,,,
00:02:08,25.09,,False,14.3,,,,,,
00:02:08,24.36,,False,29.2,,,,,,
00:02:09,23.58,,False,42.6,,,,,,
00:02:09,22.56,,False,52.2,,,,,,
00:02:09,20.87,,False,58.9,,,,,,
00:02:09,19.4,,False,61.4,,,,,,
00:02:09,16.59,,False,60.0,,,,,,
00:02:09,13.99,,False,52.5,,,,,,
00:02:09,11.94,,False,40.4,,,,,,
00:02:09,9.85,,False,26.2,,,,,,
00:02:09,8.05,,False,10.6,,,,,,
00:02:09,6.14,,False,0,,,,,,
00:02:10,4.08,,False,0,,,,,,
00:02:10,2.26,,False,0,,,,,,
00:02:10,1.73,,False,0,,,,,,
00:02:10,0.3,,False,0,,,,,,
00:02:10,0.23,,False,0,,,,,,
00:02:10,0.93,,False,0,,,,,,
00:02:10,0.96,,False,0.7,,,,,,
00:02:10,0.85,,False,20.7,,,,,,
00:02:10,0.7,,False,41.8,,,,,,
00:02:11,0.46,,False,58.6,,,,,,
00:02:11,1.36,,False,70.5,,,,,,
00:02:11,2.75,,False,79.0,,,,,,
00:02:11,4.57,,False,82.8,,,,,,
00:02:11,5.62,,False,84.2,,,,,,
00:02:11,8.0,,False,78.2,,,,,,
00:02:11,10.18,,False,67.5,,,,,,
00:02:11,11.56,,False,55.8,,,,,,
00:02:11,13.47,,False,40.9,,,,,,
00:02:11,15.55,,False,24.4,,,,,,
00:02:12,17.55,,False,6.7,,,,,,
00:02:12,19.55,,False,0,,,,,,
00:02:12,21.28,,False,0,,,,,,
00:02:12,23.03,,False,0,,,,,,
00:02:12,24.1,,False,0,,,,,,
00:02:12,25.58,,False,0,,,,,,
00:02:12,25.86,,False,0,,,,,,
00:02:12,26.01,,False,0,,,,,,
00:02:12,26.08,,False,0,,,,,,
00:02:12,25.61,,False,0,,,,,,
00:02:13,25.62,,False,0.6,,,,,,
00:02:13,25.24,,False,15.3,,,,,,
00:02:13,24.1,,False,31.5,,,,,,
00:02:13,22.41,,False,45.8,,,,,,
00:02:13,21.02,,False,55.3,,,,,,
00:02:13,19.26,,False,60.3,,,,,,
00:02:13,17.4,,False,60.1,,,,,,
00:02:13,15.68,,False,55.5,,,,,,
00:02:13,13.31,,False,47.0,,,,,,
00:02:14,11.32,,False,35.2,,,,,,
00:02:14,9.4,,False,22.5,,,,,,
00:02:14,7.33,,False,9.1,,,,,,
00:02:14,5.17,,False,0,,,,,,
00:02:14,3.55,,False,0,,,,,,
00:02:14,2.5,,False,0,,,,,,
00:02:14,1.33,,False,0,,,,,,
00:02:14,0.51,,False,0,,,,,,
00:02:14,0.27,,False,0,,,,,,
00:02:14,0.72,,False,0,,,,,,
00:02:15,0.71,,False,14.7,,,,,,
00:02:15,0.78,,False,31.4,,,,,,
00:02:15,0.03,,False,47.8,,,,,,
00:02:15,0.82,,False,62.1,,,,,,
00:02:15,1.74,,False,73.2,,,,,,
00:02:15,2.75,,False,81.4,,,,,,
00:02:15,4.46,,False,84.9,,,,,,
00:02:15,5.82,,False,84.7,,,,,,
00:02:15,7.96,,False,78.2,,,,,,
00:02:15,10.19,,False,67.1,,,,,,
00:02:16,12.68,,False,51.0,,,,,,
00:02:16,14.02,,False,35.9,,,,,,
00:02:16,15.55,,False,20.4,,,,,,
00:02:16,17.44,,False,3.6,,,,,,
00:02:16,19.8,,False,0,,,,,,
00:02:16,21.8,,False,0,,,,,,
00:02:16,23.59,,False,0,,,,,,
00:02:16,25.15,,False,0,,,,,,
00:02:16,25.87,,False,0,,,,,,
00:02:17,26.99,,False,0,,,,,,
00:02:17,26.75,,False,0,,,,,,
00:02:17,26.88,,False,0,,,,,,
00:02:17,26.58,,False,0,,,,,,
00:02:17,26.6,,False,0,,,,,,
00:02:17,25.71,,False,12.0,,,,,,
00:02:17,24.69,,False,26.6,,,,,,
00:02:17,23.31,,False,40.6,,,,,,
00:02:17,22.07,,False,51.5,,,,,,
00:02:17,20.26,,False,58.3,,,,,,
00:02:18,18.59,,False,59.1,,,,,,
00:02:18,16.72,,False,55.3,,,,,,
00:02:18,14.71,,False,47.6,,,,,,
00:02:18,12.27,,False,36.6,,,,,,
00:02:18,10.57,,False,23.6,,,,,,
00:02:18,8.02,,False,10.4,,,,,,
00:02:18,6.56,,False,0,,,,,,
00:02:18,4.32,,False,0,,,,,,
00:02:18,3.33,,False,0,,,,,,
00:02:18,1.56,,False,0,,,,,,
00:02:19,0.05,,False,0,,,,,,
00:02:19,0.95,,False,0,,,,,,
00:02:19,1.77,,False,0,,,,,,
00:02:19,2.01,,False,7.0,,,,,,
00:02:19,1.53,,False,24.8,,,,,,
00:02:19,1.02,,False,42.1,,,,,,
00:02:19,0.53,,False,57.8,,,,,,
00:02:19,1.66,,False,70.0,,,,,,
00:02:19,2.98,,False,78.4,,,,,,
00:02:20,4.33,,False,83.9,,,,,,
00:02:20,5.69,,False,84.5,,,,,,
00:02:20,7.21,,False,81.5,,,,,,
00:02:18,9.12,,False,73.6,,,,,,
00:02:18,11.15,,False,62.1,,,,,,
00:02:18,13.2,,False,47.9,,,,,,
00:02:18,16.03,,False,29.7,,,,,,
00:02:18,17.99,,False,10.3,,,,,,
00:02:18,19.37,,False,0,,,,,,
00:02:18,21.13,,False,0,,,,,,
00:02:18,22.31,,False,0,,,,,,
00:02:18,24.06,,False,0,,,,,,
00:02:18,24.87,,False,0,,,,,,
00:02:19,25.65,,False,0,,,,,,
00:02:19,26.47,,False,0,,,,,,
00:02:19,26.82,,False,0,,,,,,
00:02:19,26.97,,False,0,,,,,,
00:02:19,26.44,,False,0,,,,,,
00:02:19,25.88,,False,10.1,,,,,,
00:02:19,25.16,,False,26.9,,,,,,
00:02:19,24.16,,False,41.6,,,,,,
00:02:19,21.74,,False,52.6,,,,,,
00:02:19,20.51,,False,57.7,,,,,,
00:02:20,18.59,,False,59.5,,,,,,
00:02:20,16.72,,False,56.4,,,,,,
00:02:20,14.57,,False,49.2,,,,,,
00:02:20,12.38,,False,38.1,,,,,,
00:02:20,9.75,,False,23.3,,,,,,
00:02:20,8.18,,False,7.2,,,,,,
00:02:20,6.4,,False,0,,,,,,
00:02:20,4.4,,False,0,,,,,,
00:02:20,2.89,,False,0,,,,,,
00:02:21,1.02,,False,0,,,,,,
00:02:21,0.34,,False,0,,,,,,
00:02:21,0.83,,False,0,,,,,,
00:02:21,1.66,,False,0,,,,,,
00:02:21,1.25,,False,5.3,,,,,,
00:02:21,0.4,,False,23.5,,,,,,
00:02:21,0.41,,False,40.3,,,,,,
00:02:21,1.06,,False,56.1,,,,,,
00:02:21,2.6,,False,68.5,,,,,,
00:02:21,4.23,,False,76.9,,,,,,
00:02:22,5.72,,False,79.9,,,,,,
00:02:22,7.1,,False,79.2,,,,,,
00:02:22,9.01,,False,73.0,,,,,,
00:02:22,10.95,,False,62.0,,,,,,
00:02:22,13.37,,False,45.8,,,,,,
00:02:22,15.0,,False,30.2,,,,,,
00:02:22,16.9,,False,13.5,,,,,,
00:02:22,18.91,,False,0,,,,,,
00:02:22,20.73,,False,0,,,,,,
00:02:22,22.83,,False,0,,,,,,
00:02:23,23.73,,False,0,,,,,,
00:02:23,25.16,,False,0,,,,,,
00:02:23,25.43,,False,0,,,,,,
00:02:23,25.69,,False,0,,,,,,
00:02:23,26.2,,False,0,,,,,,
00:02:23,26.94,,False,0,,,,,,
00:02:23,27.1,,False,0,,,,,,
00:02:23,27.02,,False,4.3,,,,,,
00:02:23,26.43,,False,19.8,,,,,,
00:02:24,25.17,,False,34.0,,,,,,
00:02:24,23.61,,False,46.7,,,,,,
00:02:24,22.31,,False,55.4,,,,,,
00:02:24,19.97,,False,60.4,,,,,,
00:02:24,17.78,,False,59.6,,,,,,
00:02:24,15.19,,False,53.1,,,,,,
00:02:24,13.58,,False,42.4,,,,,,
00:02:24,11.45,,False,29.4,,,,,,
00:02:24,9.77,,False,14.7,,,,,,
00:02:24,7.17,,False,0,,,,,,
00:02:25,5.87,,False,0,,,,,,
00:02:25,3.67,,False,0,,,,,,
00:02:25,2.01,,False,0,,,,,,
00:02:25,0.9,,False,0,,,,,,
00:02:25,0.21,,False,0,,,,,,
00:13:06,6.3,,False,85.6,,,,,,
00:13:06,10.9,,False,65.1,,,,,,
00:13:06,15.04,,False,35.4,,,,,,
00:13:06,18.98,,False,0,,,,,,
00:13:06,21.41,,False,0,,,,,,
00:13:06,23.45,,False,0,,,,,,
00:13:06,25.86,,False,0,,,,,,
00:13:07,27.56,,False,0,,,,,,
00:13:07,29.7,,False,0,,,,,,
00:13:07,31.75,,False,0,,,,,,
00:13:07,32.64,,False,0,,,,,,
00:13:07,33.04,,False,0,,,,,,
00:13:07,33.49,,False,0,,,,,,
00:13:07,33.25,,False,0,,,,,,
00:13:07,32.85,,False,0,,,,,,
00:13:07,32.78,,False,0,,,,,,
00:13:08,31.5,,True,0,,,,,,
00:13:08,30.1,,True,13.2,,,,,,
00:13:08,29.37,,True,29.2,,,,,,
00:13:08,27.82,,False,41.0,,,,,,
00:13:08,26.3,,False,47.5,,,,,,
00:13:08,24.86,,False,48.3,,,,,,
00:13:08,22.15,,False,44.5,,,,,,
00:13:08,20.03,,False,35.0,,,,,,
00:13:08,17.94,,False,22.8,,,,,,
00:13:09,15.49,,False,8.7,,,,,,
00:13:09,13.8,,False,0,,,,,,
00:13:09,11.77,,False,0,,,,,,
00:13:09,10.34,,False,0,,,,,,
00:13:09,8.9,,False,0,,,,,,
00:13:09,8.17,,False,0,,,,,,
00:13:09,7.23,,False,0,,,,,,
00:13:09,6.09,,False,0,,,,,,
00:13:09,6.36,,False,0,,,,,,
00:13:09,5.89,,False,0,,,,,,
00:13:10,6.21,,False,14.8,,,,,,
00:13:10,6.37,,False,33.7,,,,,,
00:13:10,7.65,,False,48.3,,,,,,
00:13:10,8.43,,False,60.9,,,,,,
00:13:10,9.92,,False,69.0,,,,,,
00:13:10,11.55,,False,71.6,,,,,,
00:13:10,13.98,,False,67.7,,,,,,
00:13:10,16.11,,False,58.5,,,,,,
00:13:10,18.45,,False,43.6,,,,,,
00:13:10,20.75,,False,24.4,,,,,,
00:13:11,22.1,,False,5.8,,,,,,
00:13:11,23.68,,False,0,,,,,,
00:13:11,26.24,,False,0,,,,,,
00:13:11,28.21,,False,0,,,,,,
00:13:11,29.24,,False,0,,,,,,
00:13:11,30.33,,False,0,,,,,,
00:13:11,32.1,,False,0,,,,,,
00:13:11,32.73,,False,0,,,,,,
00:13:11,32.96,,False,0,,,,,,
00:13:12,33.17,,False,0,,,,,,
00:13:12,33.77,,False,0,,,,,,
00:13:12,33.53,,True,0,,,,,,
00:13:12,33.43,,True,0,,,,,,
00:13:12,32.54,,True,13.9,,,,,,
00:13:12,30.84,,True,27.7,,,,,,
00:13:12,29.1,,True,39.6,,,,,,
00:13:12,27.02,,False,47.7,,,,,,
00:13:12,25.68,,False,48.9,,,,,,
00:13:12,24.21,,False,46.2,,,,,,
00:13:13,22.66,,False,40.5,,,,,,
00:13:13,19.94,,False,31.4,,,,,,
00:13:13,17.8,,False,18.7,,,,,,
00:13:13,15.45,,False,4.0,,,,,,
00:13:13,13.61,,False,0,,,,,,
00:13:13,11.43,,False,0,,,,,,
00:13:13,10.31,,False,0,,,,,,
00:13:13,9.38,,False,0,,,,,,
00:13:13,7.86,,False,0,,,,,,
00:13:13,6.97,,False,0,,,,,,
00:13:14,6.07,,False,0,,,,,,
00:13:14,6.01,,False,0,,,,,,
00:13:14,6.06,,False,0,,,,,,
00:13:14,6.89,,False,15.3,,,,,,
00:13:14,7.7,,False,32.6,,,,,,
00:13:14,7.91,,False,50.3,,,,,,
00:13:14,8.9,,False,62.2,,,,,,
00:13:14,10.59,,False,69.2,,,,,,
00:13:14,12.08,,False,71.3,,,,,,
00:13:14,14.25,,False,67.2,,,,,,
00:13:15,16.45,,False,57.3,,,,,,
00:13:15,18.88,,False,41.9,,,,,,
00:13:15,20.35,,False,25.7,,,,,,
00:13:15,22.06,,False,7.9,,,,,,
00:13:15,24.44,,False,0,,,,,,
00:13:15,25.7,,False,0,,,,,,
00:13:15,27.77,,False,0,,,,,,
00:13:15,29.28,,False,0,,,,,,
00:13:15,31.11,,False,0,,,,,,
00:13:16,32.04,,False,0,,,,,,
00:13:16,32.94,,False,0,,,,,,
00:13:16,33.62,,False,0,,,,,,
00:13:16,33.96,,False,0,,,,,,
00:13:16,34.36,,False,0,,,,,,
00:13:16,34.3,,False,0,,,,,,
00:13:16,33.3,,True,0,,,,,,
00:13:16,32.49,,True,10.2,,,,,,
00:13:16,31.12,,True,25.1,,,,,,
00:13:16,29.46,,True,37.5,,,,,,
00:13:17,28.11,,True,44.4,,,,,,
00:13:17,25.83,,False,48.0,,,,,,
00:13:17,23.31,,False,45.1,,,,,,
00:13:17,21.53,,False,36.7,,,,,,
00:13:17,19.56,,False,24.9,,,,,,
00:13:17,17.21,,False,10.2,,,,,,
00:13:17,14.9,,False,0,,,,,,
00:13:17,12.66,,False,0,,,,,,
00:13:17,11.23,,False,0,,,,,,
00:13:17,9.67,,False,0,,,,,,
00:13:18,8.15,,False,0,,,,,,
00:13:18,6.68,,False,0,,,,,,
00:13:18,6.23,,False,0,,,,,,
00:13:18,5.62,,False,0,,,,,,
00:13:18,5.88,,False,0,,,,,,
00:13:18,6.21,,False,0,,,,,,
00:13:18,7.07,,False,18.9,,,,,,
00:13:18,7.92,,False,35.6,,,,,,
00:13:18,8.74,,False,51.0,,,,,,
00:13:18,10.24,,False,62.1,,,,,,
00:13:19,11.71,,False,67.8,,,,,,
00:13:19,13.57,,False,66.9,,,,,,
00:13:19,14.48,,False,63.3,,,,,,
00:13:19,16.5,,False,53.5,,,,,,
00:13:19,18.14,,False,41.1,,,,,,
00:13:19,20.84,,False,22.7,,,,,,
00:13:19,23.23,,False,2.6,,,,,,
00:13:19,24.77,,False,0,,,,,,
00:13:19,26.16,,False,0,,,,,,
00:13:19,27.6,,False,0,,,,,,
00:13:20,29.36,,False,0,,,,,,
00:13:20,30.87,,False,0,,,,,,
00:13:20,31.99,,False,0,,,,,,
00:13:20,32.63,,False,0,,,,,,
00:13:20,33.24,,False,0,,,,,,
00:13:20,33.43,,False,0,,,,,,
00:13:20,33.82,,False,0,,,,,,
00:13:20,33.94,,False,0,,,,,,
00:13:20,32.95,,True,1.0,,,,,,
00:13:21,32.08,,True,18.0,,,,,,
00:13:21,30.68,,True,31.5,,,,,,
00:13:21,29.12,,True,40.9,,,,,,
00:13:21,27.15,,False,47.0,,,,,,
00:13:21,24.85,,False,48.5,,,,,,
00:13:21,22.63,,False,44.4,,,,,,
00:13:21,20.97,,False,35.4,,,,,,
00:13:21,19.37,,False,23.9,,,,,,
00:13:21,17.13,,False,10.7,,,,,,
00:13:21,14.67,,False,0,,,,,,
00:13:22,13.48,,False,0,,,,,,
00:13:22,12.11,,False,0,,,,,,
00:13:22,10.58,,False,0,,,,,,
00:13:22,9.19,,False,0,,,,,,
00:13:22,8.51,,False,0,,,,,,
00:13:22,6.95,,False,0,,,,,,
00:13:22,6.58,,False,0,,,,,,
00:13:22,6.52,,False,0.2,,,,,,
00:13:22,6.88,,False,15.8,,,,,,
00:13:22,6.49,,False,30.7,,,,,,
00:13:23,7.26,,False,43.1,,,,,,
00:13:23,7.88,,False,55.3,,,,,,
00:13:23,8.88,,False,65.6,,,,,,
00:13:23,10.61,,False,71.0,,,,,,
00:13:23,12.2,,False,71.5,,,,,,
00:13:23,14.39,,False,67.0,,,,,,
00:13:23,16.71,,False,57.1,,,,,,
00:13:23,18.44,,False,44.1,,,,,,
00:13:23,20.79,,False,25.8,,,,,,
00:13:23,22.55,,False,6.5,,,,,,
00:13:24,24.41,,False,0,,,,,,
00:13:24,26.8,,False,0,,,,,,
00:13:24,28.3,,False,0,,,,,,
00:13:24,30.33,,False,0,,,,,,
00:13:24,32.04,,False,0,,,,,,
00:13:24,32.55,,False,0,,,,,,
00:13:24,33.64,,False,0,,,,,,
00:13:24,34.39,,False,0,,,,,,
00:13:24,34.15,,False,0,,,,,,
00:13:25,33.77,,False,0,,,,,,
00:13:25,33.22,,True,0,,,,,,
00:13:25,32.84,,True,0,,,,,,
00:13:25,31.85,,True,14.8,,,,,,
00:13:25,30.14,,True,29.7,,,,,,
00:13:25,28.29,,True,40.9,,,,,,
00:13:25,27.07,,False,46.6,,,,,,
00:13:25,24.83,,False,47.1,,,,,,
00:13:25,22.49,,False,42.0,,,,,,
00:13:25,20.87,,False,32.1,,,,,,
00:13:26,18.94,,False,20.3,,,,,,
00:13:26,17.13,,False,6.9,,,,,,
00:13:26,14.88,,False,0,,,,,,
00:13:26,13.4,,False,0,,,,,,
00:13:26,11.52,,False,0,,,,,,
00:13:26,10.3,,False,0,,,,,,
00:13:26,9.49,,False,0,,,,,,
00:13:26,8.76,,False,0,,,,,,
00:13:26,7.69,,False,0,,,,,,
00:13:26,6.91,,False,0,,,,,,
00:13:27,6.76,,False,3.9,,,,,,
00:13:27,6.44,,False,19.3,,,,,,
00:13:27,7.18,,False,33.4,,,,,,
00:13:27,8.11,,False,45.7,,,,,,
00:13:27,9.17,,False,57.2,,,,,,
00:13:27,9.93,,False,66.4,,,,,,
00:13:27,11.26,,False,71.5,,,,,,
00:13:27,12.89,,False,71.5,,,,,,
00:13:27,14.82,,False,66.8,,,,,,
00:13:27,16.48,,False,58.4,,,,,,
00:13:28,18.06,,False,47.4,,,,,,
00:13:28,20.22,,False,32.0,,,,,,
00:13:28,23.01,,False,11.0,,,,,,
00:13:28,24.79,,False,0,,,,,,
00:13:28,26.93,,False,0,,,,,,
00:13:28,28.03,,False,0,,,,,,
00:13:28,29.61,,False,0,,,,,,
00:13:28,31.16,,False,0,,,,,,
00:13:28,32.52,,False,0,,,,,,
00:13:28,33.82,,False,0,,,,,,
00:13:29,33.6,,False,0,,,,,,
00:13:29,34.17,,False,0,,,,,,
00:13:29,34.06,,False,0,,,,,,
00:13:29,33.84,,True,0,,,,,,
00:13:29,32.7,,True,0,,,,,,
00:13:29,31.29,,True,16.0,,,,,,
00:13:29,30.07,,True,31.4,,,,,,
00:13:29,28.94,,True,40.8,,,,,,
00:13:29,27.24,,False,46.7,,,,,,
00:13:30,25.74,,False,47.4,,,,,,
00:13:30,24.0,,False,44.7,,,,,,
00:13:30,22.0,,False,37.9,,,,,,
00:13:30,19.54,,False,27.4,,,,,,
00:13:30,16.89,,False,13.2,,,,,,
00:13:30,14.57,,False,0,,,,,,
00:13:30,12.92,,False,0,,,,,,
00:13:30,11.45,,False,0,,,,,,
00:13:30,9.98,,False,0,,,,,,
00:13:30,9.15,,False,0,,,,,,
00:13:31,7.96,,False,0,,,,,,
00:13:31,6.68,,False,0,,,,,,
00:13:31,5.89,,False,0,,,,,,
00:13:31,5.92,,False,0,,,,,,
00:13:31,6.12,,False,2.3,,,,,,
00:13:31,7.06,,False,19.7,,,,,,
00:13:31,8.02,,False,37.6,,,,,,
00:13:31,8.36,,False,54.2,,,,,,
00:13:31,9.72,,False,65.0,,,,,,
00:13:31,11.09,,False,70.4,,,,,,
00:13:32,12.56,,False,70.7,,,,,,
00:13:32,14.95,,False,64.4,,,,,,
00:13:32,16.91,,False,54.2,,,,,,
00:13:32,18.81,,False,40.1,,,,,,
00:13:32,20.34,,False,24.6,,,,,,
00:13:32,22.8,,False,4.3,,,,,,
00:13:32,24.33,,False,0,,,,,,
00:13:32,26.07,,False,0,,,,,,
00:13:32,27.97,,False,0,,,,,,
00:13:32,30.1,,False,0,,,,,,
00:13:33,31.3,,False,0,,,,,,
00:13:33,32.96,,False,0,,,,,,
00:13:33,33.57,,False,0,,,,,,
00:13:33,34.38,,False,0,,,,,,
00:13:33,34.42,,False,0,,,,,,
00:13:33,34.56,,False,0,,,,,,
00:13:33,33.52,,False,0,,,,,,
00:13:33,32.23,,True,0,,,,,,
00:13:33,31.08,,True,13.6,,,,,,
00:13:33,30.03,,True,28.4,,,,,,
00:13:34,28.41,,True,38.6,,,,,,
00:13:34,26.17,,False,44.8,,,,,,
00:13:34,24.54,,False,44.9,,,,,,
00:13:34,22.71,,False,40.0,,,,,,
00:13:34,20.57,,False,30.4,,,,,,
00:13:34,18.51,,False,17.5,,,,,,
00:13:34,16.92,,False,4.0,,,,,,
00:13:34,15.39,,False,0,,,,,,
00:13:34,13.26,,False,0,,,,,,
00:13:35,10.92,,False,0,,,,,,
00:13:35,9.68,,False,0,,,,,,
00:13:35,8.17,,False,0,,,,,,
00:13:35,7.8,,False,0,,,,,,
00:13:35,6.84,,False,0,,,,,,
00:13:35,6.13,,False,0,,,,,,
00:13:35,5.65,,False,0,,,,,,
00:13:35,5.6,,False,12.2,,,,,,
00:13:35,6.44,,False,26.6,,,,,,
00:13:35,7.17,,False,41.3,,,,,,
00:13:36,8.04,,False,53.8,,,,,,
00:13:36,9.54,,False,62.4,,,,,,
00:13:36,11.36,,False,67.3,,,,,,
00:13:36,12.86,,False,68.8,,,,,,
00:13:36,15.08,,False,62.8,,,,,,
00:13:36,17.34,,False,50.6,,,,,,
00:13:36,19.73,,False,33.1,,,,,,
00:13:36,21.35,,False,14.9,,,,,,
00:13:36,23.69,,False,0,,,,,,
00:13:36,25.3,,False,0,,,,,,
00:13:37,27.61,,False,0,,,,,,
00:13:37,29.7,,False,0,,,,,,
00:13:37,30.38,,False,0,,,,,,
00:13:37,31.21,,False,0,,,,,,
00:13:37,32.69,,False,0,,,,,,
00:13:37,33.74,,False,0,,,,,,
00:13:37,33.72,,False,0,,,,,,
00:13:37,33.81,,False,0,,,,,,
00:13:37,33.2,,False,0,,,,,,
00:13:37,33.07,,True,0,,,,,,
00:13:38,32.35,,True,8.8,,,,,,
00:13:38,31.22,,True,23.9,,,,,,
00:13:38,29.84,,True,37.0,,,,,,
00:13:38,27.73,,False,45.8,,,,,,
00:13:38,25.84,,False,49.4,,,,,,
00:13:38,24.7,,False,47.4,,,,,,
00:13:38,22.52,,False,42.0,,,,,,
00:13:38,20.69,,False,33.0,,,,,,
00:13:38,18.53,,False,21.1,,,,,,
00:13:39,16.84,,False,8.4,,,,,,
00:13:39,14.62,,False,0,,,,,,
00:13:39,13.12,,False,0,,,,,,
00:13:39,11.28,,False,0,,,,,,
00:13:39,9.22,,False,0,,,,,,
00:13:39,8.27,,False,0,,,,,,
00:13:39,7.78,,False,0,,,,,,
00:13:39,6.89,,False,0,,,,,,
00:13:39,6.77,,False,0,,,,,,
00:13:39,6.06,,False,1.8,,,,,,
00:13:40,6.14,,False,14.4,,,,,,
00:13:40,6.82,,False,29.9,,,,,,
00:13:40,7.31,,False,44.3,,,,,,
00:13:40,7.95,,False,57.1,,,,,,
00:13:40,10.01,,False,64.7,,,,,,
00:13:40,11.84,,False,68.9,,,,,,
00:13:40,13.96,,False,66.7,,,,,,
00:13:40,16.1,,False,59.1,,,,,,
00:13:40,18.16,,False,46.1,,,,,,
00:13:40,19.92,,False,30.1,,,,,,
00:13:41,21.76,,False,11.9,,,,,,
00:13:41,23.33,,False,0,,,,,,
00:13:41,25.21,,False,0,,,,,,
00:13:41,26.7,,False,0,,,,,,
00:13:41,28.36,,False,0,,,,,,
00:13:41,29.9,,False,0,,,,,,
00:13:41,30.8,,False,0,,,,,,
00:13:41,31.97,,False,0,,,,,,
00:13:41,33.27,,False,0,,,,,,
00:13:41,33.34,,False,0,,,,,,
00:13:42,33.38,,False,0,,,,,,
00:13:42,32.84,,False,0,,,,,,
00:13:42,32.5,,True,0,,,,,,
00:13:42,32.26,,True,12.4,,,,,,
00:13:42,31.37,,True,25.3,,,,,,
00:13:42,30.28,,True,36.2,,,,,,
00:13:42,28.25,,True,45.4,,,,,,
00:13:42,26.5,,False,49.7,,,,,,
00:13:42,24.11,,False,49.7,,,,,,
00:13:42,22.48,,False,44.3,,,,,,
00:13:43,20.58,,False,35.5,,,,,,
00:13:43,18.77,,False,24.1,,,,,,
00:13:43,17.07,,False,11.7,,,,,,
00:13:43,14.92,,False,0,,,,,,
00:13:43,13.46,,False,0,,,,,,
00:13:43,11.91,,False,0,,,,,,
00:13:43,9.6,,False,0,,,,,,
00:13:43,8.57,,False,0,,,,,,
00:13:43,7.24,,False,0,,,,,,
00:13:44,6.46,,False,0,,,,,,
00:13:44,6.09,,False,0,,,,,,
00:13:44,6.35,,False,0,,,,,,
00:13:44,7.08,,False,14.7,,,,,,
00:13:44,7.97,,False,28.9,,,,,,
00:13:44,8.95,,False,42.8,,,,,,
00:13:44,9.56,,False,54.9,,,,,,
00:13:44,11.07,,False,62.7,,,,,,
00:13:44,12.86,,False,66.0,,,,,,
00:13:44,14.93,,False,62.9,,,,,,
00:13:45,16.36,,False,56.7,,,,,,
00:13:45,18.36,,False,44.6,,,,,,
00:13:45,19.62,,False,31.6,,,,,,
00:13:45,22.17,,False,12.7,,,,,,
00:13:45,24.29,,False,0,,,,,,
00:13:45,26.11,,False,0,,,,,,
00:13:45,28.35,,False,0,,,,,,
00:13:45,29.53,,False,0,,,,,,
00:13:45,31.37,,False,0,,,,,,
00:13:45,32.36,,False,0,,,,,,
00:13:46,33.43,,False,0,,,,,,
00:13:46,34.19,,False,0,,,,,,
00:13:46,34.03,,False,0,,,,,,
00:13:46,33.83,,False,0,,,,,,
00:13:46,34.04,,True,0,,,,,,
00:13:46,32.98,,True,0,,,,,,
00:13:46,32.71,,True,8.3,,,,,,
00:13:46,31.31,,True,25.5,,,,,,
00:13:46,30.27,,True,37.4,,,,,,
00:13:46,28.14,,True,45.9,,,,,,
00:13:47,26.03,,False,48.9,,,,,,
00:13:47,24.32,,False,46.1,,,,,,
00:13:47,21.76,,False,38.9,,,,,,
00:13:47,20.44,,False,27.9,,,,,,
00:13:47,17.86,,False,14.8,,,,,,
00:13:47,15.7,,False,0,,,,,,
00:13:47,14.41,,False,0,,,,,,
00:13:47,12.02,,False,0,,,,,,
00:13:47,9.95,,False,0,,,,,,
00:13:47,9.22,,False,0,,,,,,
00:13:48,8.38,,False,0,,,,,,
00:13:48,7.01,,False,0,,,,,,
00:13:48,6.74,,False,0,,,,,,
00:13:48,6.19,,False,0,,,,,,
00:13:48,5.6,,False,1.3,,,,,,
00:13:48,5.85,,False,16.5,,,,,,
00:13:48,6.87,,False,32.7,,,,,,
00:13:48,7.91,,False,46.3,,,,,,
00:13:48,8.72,,False,59.8,,,,,,
00:13:49,9.84,,False,68.0,,,,,,
00:13:49,12.23,,False,69.1,,,,,,
00:13:49,13.52,,False,68.4,,,,,,
00:13:49,15.75,,False,60.0,,,,,,
00:13:49,17.47,,False,48.3,,,,,,
00:13:49,19.92,,False,31.0,,,,,,
00:13:49,22.05,,False,10.9,,,,,,
00:13:49,24.2,,False,0,,,,,,
00:13:49,25.84,,False,0,,,,,,
00:13:49,27.47,,False,0,,,,,,
00:13:50,28.62,,False,0,,,,,,
00:13:50,30.39,,False,0,,,,,,
00:13:50,32.12,,False,0,,,,,,
00:13:50,33.34,,False,0,,,,,,
00:13:50,33.76,,False,0,,,,,,
00:13:50,33.48,,False,0,,,,,,
00:13:50,34.06,,False,0,,,,,,
00:13:50,34.09,,False,0,,,,,,
00:13:50,32.86,,True,0,,,,,,
00:13:50,32.45,,True,9.8,,,,,,
00:13:51,31.68,,True,24.2,,,,,,
00:13:51,29.97,,True,36.7,,,,,,
00:13:51,28.2,,True,44.5,,,,,,
00:13:51,26.38,,False,48.0,,,,,,
00:13:51,24.2,,False,46.6,,,,,,
00:13:51,22.5,,False,40.6,,,,,,
00:13:51,20.49,,False,30.8,,,,,,
00:13:51,18.02,,False,17.8,,,,,,
00:13:51,15.73,,False,2.9,,,,,,
00:13:51,14.11,,False,0,,,,,,
00:13:52,11.98,,False,0,,,,,,
00:13:52,10.63,,False,0,,,,,,
00:13:52,8.65,,False,0,,,,,,
00:13:52,7.76,,False,0,,,,,,
00:13:52,7.4,,False,0,,,,,,
00:13:52,7.3,,False,0,,,,,,
00:13:52,6.95,,False,0,,,,,,
00:13:52,7.2,,False,1.5,,,,,,
00:13:52,7.3,,False,19.3,,,,,,
00:13:53,8.06,,False,35.3,,,,,,
00:13:53,9.18,,False,50.2,,,,,,
00:13:53,9.48,,False,63.3,,,,,,
00:13:53,10.92,,False,70.1,,,,,,
00:13:53,12.55,,False,71.7,,,,,,
00:13:53,14.61,,False,67.9,,,,,,
00:13:53,16.39,,False,59.7,,,,,,
00:13:53,18.71,,False,46.0,,,,,,
00:13:53,20.73,,False,29.7,,,,,,
00:13:53,22.6,,False,12.2,,,,,,
00:13:54,24.48,,False,0,,,,,,
00:13:54,26.42,,False,0,,,,,,
00:13:54,28.6,,False,0,,,,,,
00:13:54,30.33,,False,0,,,,,,
00:13:54,32.03,,False,0,,,,,,
00:13:54,33.05,,False,0,,,,,,
00:13:54,33.08,,False,0,,,,,,
00:13:54,33.86,,False,0,,,,,,
00:13:54,33.98,,False,0,,,,,,
00:13:54,33.83,,False,0,,,,,,
00:13:55,33.85,,True,0,,,,,,
00:13:55,32.9,,True,0,,,,,,
00:13:55,31.87,,True,14.7,,,,,,
00:13:55,30.88,,True,28.8,,,,,,
00:13:55,29.87,,True,39.6,,,,,,
00:13:55,28.16,,True,47.1,,,,,,
00:13:55,26.26,,False,49.8,,,,,,
00:13:55,23.99,,False,47.0,,,,,,
00:13:55,21.62,,False,39.1,,,,,,
00:13:55,19.23,,False,27.1,,,,,,
00:13:56,17.03,,False,12.5,,,,,,
00:13:56,14.84,,False,0,,,,,,
00:13:56,12.65,,False,0,,,,,,
00:13:56,11.14,,False,0,,,,,,
00:13:56,9.23,,False,0,,,,,,
00:13:56,8.37,,False,0,,,,,,
00:13:56,6.99,,False,0,,,,,,
00:13:56,6.9,,False,0,,,,,,
00:13:56,6.01,,False,0,,,,,,
00:13:56,5.43,,False,0,,,,,,
00:13:57,5.14,,False,0,,,,,,
00:13:57,5.36,,False,16.9,,,,,,
00:13:57,5.78,,False,35.2,,,,,,
00:13:57,7.25,,False,50.4,,,,,,
00:13:57,8.88,,False,61.7,,,,,,
00:13:57,9.95,,False,69.5,,,,,,
00:13:57,11.86,,False,70.8,,,,,,
00:13:57,13.96,,False,65.8,,,,,,
00:13:57,15.85,,False,56.4,,,,,,
00:13:58,18.37,,False,40.4,,,,,,
00:13:58,20.06,,False,23.0,,,,,,
00:13:58,21.91,,False,3.9,,,,,,
00:13:58,23.92,,False,0,,,,,,
00:13:58,25.85,,False,0,,,,,,
00:13:58,27.8,,False,0,,,,,,
00:13:58,29.97,,False,0,,,,,,
00:13:58,31.43,,False,0,,,,,,
00:13:58,32.6,,False,0,,,,,,
00:13:58,33.78,,False,0,,,,,,
00:13:59,33.84,,False,0,,,,,,
00:13:59,33.65,,False,0,,,,,,
00:13:59,33.59,,False,0,,,,,,
00:13:59,33.06,,False,0,,,,,,
00:13:59,32.19,,True,0,,,,,,
00:13:59,31.44,,True,12.6,,,,,,
00:13:59,30.06,,True,27.8,,,,,,
00:13:59,28.57,,True,39.5,,,,,,
00:13:59,26.59,,False,46.5,,,,,,
00:13:59,25.5,,False,47.6,,,,,,
00:14:00,23.29,,False,44.7,,,,,,
00:14:00,21.79,,False,37.1,,,,,,
00:14:00,19.13,,False,26.7,,,,,,
00:14:00,17.31,,False,13.9,,,,,,
00:14:00,15.14,,False,1.4,,,,,,
00:14:00,13.39,,False,0,,,,,,
00:14:00,11.78,,False,0,,,,,,
00:14:00,9.63,,False,0,,,,,,
00:14:00,8.73,,False,0,,,,,,
00:14:00,7.81,,False,0,,,,,,
00:14:01,7.03,,False,0,,,,,,
00:14:01,6.11,,False,0,,,,,,
00:14:01,5.44,,False,0,,,,,,
00:14:01,6.21,,False,4.8,,,,,,
00:14:01,6.85,,False,21.7,,,,,,
00:14:01,8.01,,False,37.0,,,,,,
00:14:01,9.27,,False,51.7,,,,,,
00:14:01,10.23,,False,61.8,,,,,,
00:14:01,11.61,,False,67.5,,,,,,
00:14:01,13.33,,False,67.4,,,,,,
00:14:02,14.37,,False,64.6,,,,,,
00:14:02,16.36,,False,55.7,,,,,,
00:14:02,18.75,,False,41.2,,,,,,
00:14:02,20.95,,False,23.5,,,,,,
00:14:02,23.01,,False,3.9,,,,,,
00:14:02,24.8,,False,0,,,,,,
00:14:02,26.08,,False,0,,,,,,
00:14:02,27.45,,False,0,,,,,,
00:14:02,29.49,,False,0,,,,,,
00:14:03,31.47,,False,0,,,,,,
00:14:03,32.07,,False,0,,,,,,
00:14:03,32.58,,False,0,,,,,,
00:14:03,32.85,,False,0,,,,,,
00:14:03,33.03,,False,0,,,,,,
00:14:03,33.5,,False,0,,,,,,
00:14:03,32.82,,False,0,,,,,,
00:14:03,31.69,,True,7.8,,,,,,
00:14:03,30.52,,True,23.6,,,,,,
00:14:03,29.85,,True,35.0,,,,,,
00:14:04,28.88,,True,43.2,,,,,,
00:14:04,27.47,,False,48.5,,,,,,
00:14:04,26.08,,False,50.6,,,,,,
00:14:04,24.19,,False,49.3,,,,,,
00:14:04,21.57,,False,43.4,,,,,,
00:14:04,19.2,,False,33.4,,,,,,
00:14:04,17.64,,False,21.3,,,,,,
00:14:04,15.22,,False,8.0,,,,,,
00:14:04,13.17,,False,0,,,,,,
00:14:04,11.43,,False,0,,,,,,
00:14:05,9.38,,False,0,,,,,,
00:14:05,8.8,,False,0,,,,,,
00:14:05,8.05,,False,0,,,,,,
00:14:05,6.98,,False,0,,,,,,
00:14:05,6.06,,False,0,,,,,,
00:14:05,6.38,,False,0,,,,,,
00:14:05,6.13,,False,2.0,,,,,,
00:14:05,6.73,,False,20.2,,,,,,
00:14:05,7.68,,False,38.2,,,,,,
00:14:05,9.1,,False,52.0,,,,,,
00:14:06,10.62,,False,61.3,,,,,,
00:14:06,11.57,,False,68.4,,,,,,
00:14:06,13.09,,False,69.0,,,,,,
00:14:06,15.27,,False,62.9,,,,,,
00:14:06,16.6,,False,54.4,,,,,,
00:14:06,18.52,,False,41.4,,,,,,
00:14:06,20.54,,False,25.3,,,,,,
00:14:06,23.17,,False,4.4,,,,,,
00:14:06,24.6,,False,0,,,,,,
00:14:07,26.22,,False,0,,,,,,
00:14:07,28.32,,False,0,,,,,,
00:14:07,29.8,,False,0,,,,,,
00:14:07,31.22,,False,0,,,,,,
00:14:07,32.32,,False,0,,,,,,
00:14:07,32.83,,False,0,,,,,,
00:14:07,33.22,,False,0,,,,,,
00:14:07,33.55,,False,0,,,,,,
00:14:07,33.95,,False,0,,,,,,
00:14:07,33.14,,True,0,,,,,,
00:14:08,32.34,,True,2.8,,,,,,
00:14:08,30.9,,True,20.2,,,,,,
00:14:08,30.25,,True,33.2,,,,,,
00:14:08,29.04,,True,42.1,,,,,,
00:14:08,27.65,,False,48.0,,,,,,
00:14:08,25.08,,False,50.3,,,,,,
00:14:08,22.74,,False,46.1,,,,,,
00:14:08,20.88,,False,37.2,,,,,,
00:14:08,18.57,,False,25.1,,,,,,
00:14:08,16.42,,False,10.5,,,,,,
00:14:09,14.68,,False,0,,,,,,
00:14:09,12.61,,False,0,,,,,,
00:14:09,10.73,,False,0,,,,,,
00:14:09,8.95,,False,0,,,,,,
00:14:09,8.12,,False,0,,,,,,
00:14:09,6.93,,False,0,,,,,,
00:14:09,6.0,,False,0,,,,,,
00:14:09,5.96,,False,0,,,,,,
00:14:09,5.82,,False,0,,,,,,
00:14:09,5.88,,False,7.2,,,,,,
00:14:10,5.95,,False,25.2,,,,,,
00:14:10,7.51,,False,40.2,,,,,,
00:14:10,8.98,,False,53.9,,,,,,
00:14:10,9.54,,False,64.6,,,,,,
00:14:10,10.72,,False,70.2,,,,,,
00:14:10,13.04,,False,69.0,,,,,,
00:14:10,14.47,,False,64.4,,,,,,
00:14:10,16.77,,False,52.9,,,,,,
00:14:10,18.74,,False,38.1,,,,,,
00:14:10,21.2,,False,18.4,,,,,,
00:14:11,23.5,,False,0,,,,,,
00:14:11,24.85,,False,0,,,,,,
00:14:11,26.73,,False,0,,,,,,
00:14:11,28.97,,False,0,,,,,,
00:14:11,29.92,,False,0,,,,,,
00:14:11,31.72,,False,0,,,,,,
00:14:11,32.08,,False,0,,,,,,
00:14:11,32.67,,False,0,,,,,,
00:14:11,33.07,,False,0,,,,,,
00:14:12,33.51,,False,0,,,,,,
00:14:12,33.03,,False,0,,,,,,
00:14:12,33.25,,True,0,,,,,,
00:14:12,33.05,,True,5.4,,,,,,
00:14:12,31.74,,True,22.2,,,,,,
00:14:12,30.56,,True,35.0,,,,,,
00:14:12,29.47,,True,43.4,,,,,,
00:14:12,27.58,,False,49.8,,,,,,
00:14:12,26.04,,False,51.2,,,,,,
00:14:12,23.9,,False,48.3,,,,,,
00:14:13,21.24,,False,41.0,,,,,,
00:14:13,18.84,,False,29.2,,,,,,
00:14:13,16.26,,False,13.5,,,,,,
00:14:13,13.95,,False,0,,,,,,
00:14:13,11.83,,False,0,,,,,,
00:14:13,10.21,,False,0,,,,,,
00:14:13,8.7,,False,0,,,,,,
00:14:13,7.72,,False,0,,,,,,
00:14:13,6.56,,False,0,,,,,,
00:14:13,6.61,,False,0,,,,,,
00:14:14,5.86,,False,0,,,,,,
00:14:14,6.09,,False,0,,,,,,
00:14:14,6.87,,False,0,,,,,,
00:14:14,6.74,,False,22.1,,,,,,
00:14:14,7.63,,False,42.0,,,,,,
00:14:14,8.34,,False,57.7,,,,,,
00:14:14,9.48,,False,68.4,,,,,,
00:14:14,11.03,,False,73.0,,,,,,
00:14:14,12.8,,False,71.9,,,,,,
00:14:14,14.78,,False,65.1,,,,,,
00:14:15,16.55,,False,54.8,,,,,,
00:14:15,19.25,,False,37.9,,,,,,
00:14:15,21.74,,False,17.3,,,,,,
00:14:15,24.08,,False,0,,,,,,
00:14:15,26.33,,False,0,,,,,,
00:14:15,27.49,,False,0,,,,,,
00:14:15,29.07,,False,0,,,,,,
00:14:15,30.49,,False,0,,,,,,
00:14:15,32.03,,False,0,,,,,,
00:14:16,32.56,,False,0,,,,,,
00:14:16,33.49,,False,0,,,,,,
00:14:16,34.43,,False,0,,,,,,
00:14:16,34.58,,False,0,,,,,,
00:14:16,34.23,,False,0,,,,,,
00:14:16,33.76,,True,0,,,,,,
00:14:16,33.08,,True,4.5,,,,,,
00:14:16,31.83,,True,22.0,,,,,,
00:14:16,30.44,,True,35.3,,,,,,
00:14:16,28.42,,True,44.2,,,,,,
00:14:17,26.24,,False,47.3,,,,,,
00:14:17,24.19,,False,45.5,,,,,,
00:14:17,22.29,,False,38.7,,,,,,
00:14:17,20.62,,False,28.3,,,,,,
00:14:17,18.93,,False,16.0,,,,,,
00:14:17,17.03,,False,2.5,,,,,,
00:14:17,15.48,,False,0,,,,,,
00:14:17,13.04,,False,0,,,,,,
00:14:17,11.88,,False,0,,,,,,
00:14:17,10.47,,False,0,,,,,,
00:14:18,8.63,,False,0,,,,,,
00:14:18,7.41,,False,0,,,,,,
00:14:18,6.34,,False,0,,,,,,
00:14:18,5.5,,False,0,,,,,,
00:14:18,6.06,,False,0,,,,,,
00:14:18,6.03,,False,13.3,,,,,,
00:14:18,6.59,,False,26.8,,,,,,
00:14:18,7.93,,False,39.4,,,,,,
00:14:18,8.98,,False,51.5,,,,,,
00:14:18,10.19,,False,61.0,,,,,,
00:14:19,11.64,,False,66.1,,,,,,
00:14:19,13.19,,False,67.0,,,,,,
00:14:19,14.57,,False,63.0,,,,,,
00:14:19,16.77,,False,53.0,,,,,,
00:14:19,19.1,,False,37.6,,,,,,
00:14:19,20.97,,False,20.2,,,,,,
00:14:19,23.07,,False,0.4,,,,,,
00:14:19,25.29,,False,0,,,,,,
00:14:19,26.81,,False,0,,,,,,
00:14:19,29.05,,False,0,,,,,,
00:14:20,30.46,,False,0,,,,,,
00:14:20,31.54,,False,0,,,,,,
00:14:20,32.97,,False,0,,,,,,
00:14:20,32.99,,False,0,,,,,,
00:14:20,33.34,,False,0,,,,,,
00:14:20,33.64,,False,0,,,,,,
00:14:20,32.98,,False,0,,,,,,
00:14:20,32.98,,True,0,,,,,,
00:14:20,32.67,,True,5.5,,,,,,
00:14:21,30.93,,True,22.5,,,,,,
00:14:21,30.19,,True,35.2,,,,,,
00:14:21,28.56,,True,44.9,,,,,,
00:14:21,26.44,,False,49.6,,,,,,
00:14:21,24.22,,False,49.2,,,,,,
00:14:21,22.38,,False,43.2,,,,,,
00:14:21,2.28,,False,0,,,,,,
00:14:21,4.69,,False,0,,,,,,
00:14:21,6.19,,False,0,,,,,,
00:14:21,7.92,,False,0,,,,,,
00:14:22,9.33,,False,0,,,,,,
00:14:22,11.24,,False,0,,,,,,
00:14:22,12.49,,False,0,,,,,,
00:14:22,14.35,,False,0,,,,,,
00:14:22,15.0,,False,0,,,,,,
00:14:22,16.19,,False,0,,,,,,
00:14:22,16.53,,False,0,,,,,,
00:14:22,16.24,,False,0,,,,,,
00:14:22,15.45,,False,5.9,,,,,,
00:14:22,14.5,,False,24.8,,,,,,
00:14:23,13.87,,False,39.5,,,,,,
00:14:23,13.1,,False,53.4,,,,,,
00:14:23,11.58,,False,64.1,,,,,,
00:14:23,10.54,,False,71.1,,,,,,
00:14:23,8.62,,False,74.9,,,,,,
00:14:23,6.8,,False,74.2,,,,,,
00:14:23,4.78,,False,68.8,,,,,,
00:14:23,2.92,,False,59.8,,,,,,
00:14:23,1.15,,False,48.9,,,,,,
00:14:23,1.06,,False,39.2,,,,,,
00:14:24,2.69,,False,35.5,,,,,,
00:14:24,4.29,,False,38.0,,,,,,
00:14:24,6.14,,False,43.4,,,,,,
00:14:24,7.77,,False,49.2,,,,,,
00:14:24,9.37,,False,53.3,,,,,,
00:14:24,10.79,,False,55.7,,,,,,
00:14:24,11.44,,False,57.2,,,,,,
00:14:24,12.19,,False,55.2,,,,,,
00:14:24,12.53,,False,52.2,,,,,,
00:14:25,11.72,,False,50.7,,,,,,
00:14:25,10.42,,False,51.3,,,,,,
00:14:25,9.89,,False,52.2,,,,,,
00:14:25,8.46,,False,57.5,,,,,,
00:14:25,7.21,,False,65.9,,,,,,
00:14:25,5.16,,False,74.9,,,,,,
00:14:25,3.51,,False,78.6,,,,,,
00:14:25,1.28,,False,77.2,,,,,,
00:14:25,0.63,,False,70.9,,,,,,
00:14:25,2.16,,False,64.1,,,,,,
00:14:26,4.51,,False,59.7,,,,,,
00:14:26,6.91,,False,57.7,,,,,,
00:14:26,8.81,,False,57.0,,,,,,
00:14:26,10.35,,False,56.8,,,,,,
00:14:26,11.73,,False,55.8,,,,,,
00:14:26,12.93,,False,52.2,,,,,,
00:14:26,14.26,,False,44.9,,,,,,
00:14:26,15.12,,False,36.4,,,,,,
00:14:26,15.44,,False,28.1,,,,,,
00:14:26,16.1,,False,19.2,,,,,,
00:14:27,16.57,,False,12.7,,,,,,
00:14:27,16.24,,False,12.9,,,,,,
00:14:27,16.06,,False,21.1,,,,,,
00:14:27,15.09,,False,37.3,,,,,,
00:14:27,14.07,,False,52.9,,,,,,
00:14:27,12.9,,False,64.8,,,,,,
00:14:27,11.22,,False,72.6,,,,,,
00:14:27,8.93,,False,76.1,,,,,,
00:14:27,6.44,,False,74.4,,,,,,
00:14:28,4.36,,False,67.2,,,,,,
00:14:28,2.24,,False,55.8,,,,,,
00:14:28,0.35,,False,41.7,,,,,,
00:14:28,2.73,,False,31.3,,,,,,
00:14:28,4.62,,False,27.9,,,,,,
00:14:28,6.63,,False,29.5,,,,,,
00:14:28,7.58,,False,35.6,,,,,,
00:14:28,9.31,,False,41.1,,,,,,
00:14:28,10.74,,False,46.6,,,,,,
00:14:28,11.44,,False,51.0,,,,,,
00:14:29,11.81,,False,53.7,,,,,,
00:14:29,11.72,,False,55.4,,,,,,
00:14:29,11.43,,False,55.6,,,,,,
00:14:29,11.42,,False,53.8,,,,,,
00:14:29,10.4,,False,54.5,,,,,,
00:14:29,9.8,,False,56.7,,,,,,
00:14:29,8.33,,False,63.9,,,,,,
00:14:29,6.92,,False,75.0,,,,,,
00:14:29,5.2,,False,81.0,,,,,,
00:14:29,2.92,,False,82.0,,,,,,
00:14:30,1.41,,False,77.5,,,,,,
00:14:30,0.41,,False,70.4,,,,,,
00:14:30,2.6,,False,63.5,,,,,,
00:14:30,5.12,,False,60.3,,,,,,
00:14:30,6.89,,False,59.9,,,,,,
00:14:30,8.4,,False,60.5,,,,,,
00:14:30,9.9,,False,60.2,,,,,,
00:14:30,12.01,,False,56.3,,,,,,
00:14:30,13.43,,False,51.1,,,,,,
00:14:30,14.8,,False,42.6,,,,,,
00:14:31,16.14,,False,31.2,,,,,,
00:14:31,16.41,,False,21.2,,,,,,
00:14:31,17.05,,False,10.8,,,,,,
00:14:31,16.76,,False,5.9,,,,,,
00:14:31,16.31,,False,8.1,,,,,,
00:14:31,15.17,,False,19.7,,,,,,
00:14:31,13.92,,False,38.5,,,,,,
00:14:31,12.87,,False,53.6,,,,,,
00:14:31,11.63,,False,63.9,,,,,,
00:14:32,9.57,,False,70.8,,,,,,
00:14:32,8.43,,False,72.5,,,,,,
00:14:32,6.75,,False,70.7,,,,,,
00:14:32,4.33,,False,64.1,,,,,,
00:14:32,2.53,,False,53.6,,,,,,
00:14:32,0.83,,False,41.6,,,,,,
00:14:32,1.11,,False,32.7,,,,,,
00:14:32,3.05,,False,29.5,,,,,,
00:14:32,4.65,,False,33.4,,,,,,
00:14:32,6.17,,False,40.4,,,,,,
00:14:33,8.25,,False,47.5,,,,,,
00:14:33,9.79,,False,52.9,,,,,,
00:14:33,10.37,,False,57.1,,,,,,
00:14:33,10.42,,False,60.3,,,,,,
00:14:33,11.41,,False,59.1,,,,,,
00:14:33,10.95,,False,58.4,,,,,,
00:14:33,11.05,,False,56.1,,,,,,
00:14:33,10.48,,False,55.3,,,,,,
00:14:33,9.7,,False,56.7,,,,,,
00:14:33,9.02,,False,60.9,,,,,,
00:14:34,7.7,,False,69.8,,,,,,
00:14:34,6.27,,False,78.5,,,,,,
00:14:34,4.12,,False,83.2,,,,,,
00:14:34,1.84,,False,82.6,,,,,,
00:14:34,0.65,,False,77.1,,,,,,
00:14:34,3.25,,False,70.3,,,,,,
00:14:34,4.54,,False,67.7,,,,,,
00:14:34,6.46,,False,66.0,,,,,,
00:14:34,8.0,,False,65.0,,,,,,
00:14:34,10.35,,False,62.6,,,,,,
00:14:35,11.86,,False,59.2,,,,,,
00:14:35,12.7,,False,55.8,,,,,,
00:14:35,13.97,,False,49.3,,,,,,
00:14:35,14.56,,False,42.4,,,,,,
00:14:35,15.02,,False,35.1,,,,,,
00:14:35,16.07,,False,25.7,,,,,,
00:14:35,16.24,,False,19.4,,,,,,
00:14:35,15.41,,False,20.4,,,,,,
00:14:35,15.1,,False,28.0,,,,,,
00:14:35,14.54,,False,43.0,,,,,,
00:14:36,13.15,,False,55.7,,,,,,
00:14:36,11.17,,False,67.3,,,,,,
00:14:34,10.08,,False,73.6,,,,,,
00:14:34,7.95,,False,76.7,,,,,,
00:14:34,5.96,,False,74.0,,,,,,
00:14:35,3.89,,False,66.9,,,,,,
00:14:35,2.08,,False,56.5,,,,,,
00:14:35,0.45,,False,44.4,,,,,,
00:14:35,2.74,,False,35.5,,,,,,
00:14:35,4.06,,False,33.3,,,,,,
00:14:35,6.39,,False,35.7,,,,,,
00:14:35,8.1,,False,41.5,,,,,,
00:14:35,9.82,,False,45.9,,,,,,
00:14:35,11.15,,False,49.8,,,,,,
00:14:35,12.16,,False,52.1,,,,,,
00:14:36,12.26,,False,53.2,,,,,,
00:14:36,12.3,,False,51.8,,,,,,
